Algorithm,Dataset,precision,recall,f1-score
Manual MLP Train,MLP,0.4787077826725404,0.49974450689831373,0.489
Manual MLP Test,MLP,0.4632713026444662,0.49947201689545934,0.4806910569105691
Scikit-learn MLP Train,MLP,**0.9957**,**0.9023**,**0.9437**
Scikit-learn MLP Test,MLP,0.5407486467942365,0.5075255191833862,0.5012548800892359
