Algorithm,Dataset,precision,recall,f1-score
Manual MLP Train,MLP,0.8739526161501092,0.870592743995912,0.8703014165387757
Manual MLP Test,MLP,0.5771546461201634,0.68060542062654,0.5878260019391055
Scikit-learn MLP Train,MLP,**0.9958**,**0.9958**,**0.9958**
Scikit-learn MLP Test,MLP,0.4748217922606925,0.4860753255895811,0.4794058647192733
