Algorithm,Dataset,precision,recall,f1-score
Manual MLP Train,MLP,0.47871299241497434,0.49987225344915687,0.4890638670166229
Manual MLP Test,MLP,0.46330724070450097,0.5,0.4809547993905536
Scikit-learn MLP Train,MLP,**0.9957**,**0.9023**,**0.9437**
Scikit-learn MLP Test,MLP,0.5304203905991394,0.5064695529743048,0.5002160809735017
