Algorithm,Class,precision,recall,f1-score
Manual LogReg Train,0,**0.9584**,0.9895247828308635,0.9737272155876807
Manual LogReg Test,0,0.9283582089552239,0.9852164730728616,0.9559426229508197
Manual LogReg Train,1,0.1276595744680851,0.034482758620689655,0.05429864253393665
Manual LogReg Test,1,0.17647058823529413,0.04,0.06521739130434782
Scikit-learn LogReg Train,0,0.9574363992172211,**1.0000**,**0.9783**
Scikit-learn LogReg Test,0,0.9265426052889324,0.9989440337909187,0.9613821138211383
Scikit-learn LogReg Train,1,0.0,0.0,0.0
Scikit-learn LogReg Test,1,0.0,0.0,0.0
