Algorithm,Dataset,precision,recall,f1-score
Manual LogReg Train,LogReg,0.5339637905543002,**0.5037**,**0.4984**
Manual LogReg Test,LogReg,**0.5350**,0.5034987680394227,0.4918077621143184
Scikit-learn LogReg Train,LogReg,0.4782391195597799,0.4996080480794356,0.48869009584664536
Scikit-learn LogReg Test,LogReg,0.46330724070450097,0.5,0.4809547993905536
