Algorithm,Dataset,precision,recall,f1-score
Manual MLP Train,MLP,0.4782554361409648,0.5,0.4888860500766479
Manual MLP Test,MLP,0.46330724070450097,0.5,0.4809547993905536
Scikit-learn MLP Train,MLP,**0.9248**,**0.8139**,**0.8602**
Scikit-learn MLP Test,MLP,0.4880738522954092,0.4966349876803942,0.4866679268720801
