Algorithm,Class,precision,recall,f1-score
Manual MLP Train,0,0.9578534672874296,0.9987225344915688,0.9778611632270169
Manual MLP Test,0,0.9264705882352942,0.9978880675818373,0.9608540925266904
Manual MLP Train,1,0.2857142857142857,0.011494252873563218,0.022099447513812154
Manual MLP Test,1,0.0,0.0,0.0
Scikit-learn MLP Train,0,0.9959287531806615,**1.0000**,**0.9980**
Scikit-learn MLP Test,0,0.9292123629112662,0.9841605068637803,0.9558974358974359
Scikit-learn MLP Train,1,**1.0000**,0.9080459770114943,0.9518072289156626
Scikit-learn MLP Test,1,0.21052631578947367,0.05333333333333334,0.0851063829787234
