Algorithm,Dataset,precision,recall,f1-score
Manual MLP Train,MLP,0.47871819960861056,0.5,0.4891277180704824
Manual MLP Test,MLP,0.46330724070450097,0.5,0.4809547993905536
Scikit-learn MLP Train,MLP,**0.9866**,**0.9679**,**0.9770**
Scikit-learn MLP Test,MLP,0.48470209339774556,0.4950510383667723,0.4855381001321392
