Algorithm,Dataset,precision,recall,f1-score
Manual MLP Train,MLP,0.811930347468726,0.8023760858456821,0.8008511296941923
Manual MLP Test,MLP,0.5643167701863354,0.7041112284406899,0.5420327624151384
Scikit-learn MLP Train,MLP,**0.9863**,**0.9859**,**0.9859**
Scikit-learn MLP Test,MLP,0.5509970607388633,0.5407954945441746,0.544783933734469
