Algorithm,Class,precision,recall,f1-score
Manual MLP Train,0,0.9574363992172211,**1.0000**,0.9782554361409648
Manual MLP Test,0,0.9266144814090019,1.0,0.9619095987811072
Manual MLP Train,1,0.0,0.0,0.0
Manual MLP Test,1,0.0,0.0,0.0
Scikit-learn MLP Train,0,0.9913880445795339,1.0,**0.9957**
Scikit-learn MLP Test,0,0.9276511397423192,0.9883843717001056,0.9570552147239264
Scikit-learn MLP Train,1,**1.0000**,0.8045977011494253,0.89171974522293
Scikit-learn MLP Test,1,0.15384615384615385,0.02666666666666667,0.045454545454545456
