Algorithm,Dataset,precision,recall,f1-score
Manual LogReg Train,LogReg,**0.8436**,**0.8415**,**0.8412**
Manual LogReg Test,LogReg,0.5642498582874107,0.6547976064765928,0.569074838699412
Scikit-learn LogReg Train,LogReg,0.8407800818646189,0.8386561062851303,0.8384043124506524
Scikit-learn LogReg Test,LogReg,0.564081974069427,0.6617951425554383,0.5663532110091742
