Algorithm,Dataset,precision,recall,f1-score
Manual LogReg Train,LogReg,0.5789112309955861,0.5047251540300366,0.49960830395613004
Manual LogReg Test,LogReg,**0.7975**,**0.5128**,**0.5068**
Scikit-learn LogReg Train,LogReg,0.47871819960861056,0.5,0.4891277180704824
Scikit-learn LogReg Test,LogReg,0.46330724070450097,0.5,0.4809547993905536
