Algorithm,Dataset,precision,recall,f1-score
Manual LogReg Train,LogReg,0.8217457277672524,0.8196218702095044,0.8193237071906416
Manual LogReg Test,LogReg,0.5497587536785304,0.6287926786342837,0.5450879765395894
Scikit-learn LogReg Train,LogReg,**0.8420**,**0.8404**,**0.8403**
Scikit-learn LogReg Test,LogReg,0.5697589098532495,0.6686589229144668,0.5764121215486486
