Algorithm,Dataset,precision,recall,f1-score
Manual LogReg Train,LogReg,0.6038197845249755,0.5024903235658614,**0.4946**
Manual LogReg Test,LogReg,**0.7137**,**0.5061**,0.4939224476591025
Scikit-learn LogReg Train,LogReg,0.47871819960861056,0.5,0.4891277180704824
Scikit-learn LogReg Test,LogReg,0.46330724070450097,0.5,0.4809547993905536
