Algorithm,Dataset,precision,recall,f1-score
Manual MLP Train,MLP,0.7644638009616063,0.6990858386353083,0.7206982197031553
Manual MLP Test,MLP,0.7831108955015849,0.712262377668692,0.7356769972906891
Scikit-learn MLP Train,MLP,**0.9489**,**0.9609**,**0.9547**
Scikit-learn MLP Test,MLP,0.714849590502332,0.7090601508351304,0.7118269586224091
