Algorithm,Dataset,precision,recall,f1-score
Manual LogReg Train,LogReg,0.7694299859161831,0.7213567882665038,0.7394872198014465
Manual LogReg Test,LogReg,0.7817194495108606,0.7305888324459747,0.7497726978252872
Scikit-learn LogReg Train,LogReg,**0.7858**,**0.7421**,**0.7594**
Scikit-learn LogReg Test,LogReg,0.7837260811983378,0.7360880581843054,0.7544044030201621
