Algorithm,Class,precision,recall,f1-score
Manual MLP Train,0,0.846017175007403,0.9401118789075353,0.8905860349127181
Manual MLP Test,0,0.8458333333333333,**0.9392**,**0.8901**
Manual MLP Train,1,0.7076305220883534,0.4586153045288912,0.556538218572331
Manual MLP Test,1,**0.7125**,0.4681724845995893,**0.5651**
Scikit-learn MLP Train,0,**0.9840**,**0.9717**,**0.9778**
Scikit-learn MLP Test,0,**0.8570**,0.8678122934567085,0.8623973727422003
Scikit-learn MLP Train,1,**0.9139**,**0.9500**,**0.9316**
Scikit-learn MLP Test,1,0.5726495726495726,**0.5503**,0.5612565445026177
