Algorithm,Dataset,precision,recall,f1-score
Manual MLP Train,MLP,0.7841175755826758,0.7307025842599049,0.7506532066508314
Manual MLP Test,MLP,0.7922510822510822,0.7290552379039427,0.7514571673444936
Scikit-learn MLP Train,MLP,**0.9558**,**0.9551**,**0.9554**
Scikit-learn MLP Test,MLP,0.7339114603165504,0.7326035413819452,0.7332516756830323
