Algorithm,Class,precision,recall,f1-score
Manual LogReg Train,0,0.8492423058897047,0.8943731490621916,0.871223655741646
Manual LogReg Test,0,0.8402220851326342,0.900198281559815,0.8691767708998086
Manual LogReg Train,1,0.5982478097622027,0.4976574700676731,0.5433361750497301
Manual LogReg Test,1,0.6015831134564644,0.4681724845995893,0.5265588914549654
Scikit-learn LogReg Train,0,**0.8674**,**0.9260**,**0.8958**
Scikit-learn LogReg Test,0,0.8625154130702836,0.9246530072703238,0.8925039872408294
Scikit-learn LogReg Train,1,0.7021839841164792,0.5523165018219677,0.6182983682983683
Scikit-learn LogReg Test,1,0.6984126984126984,0.5420944558521561,0.6104046242774567
