Algorithm,Dataset,precision,recall,f1-score
Manual LogReg Train,LogReg,0.7926527726394541,0.7890753537347812,0.788428786428851
Manual LogReg Test,LogReg,0.7328649059249737,0.8028835648880137,0.7423915871632982
Scikit-learn LogReg Train,LogReg,**0.8114**,**0.8076**,**0.8070**
Scikit-learn LogReg Test,LogReg,0.7347501897480908,0.8005478868288658,0.7467985293360098
