Algorithm,Dataset,precision,recall,f1-score
Manual LogReg Train,LogReg,0.7887902305584076,0.785538005923001,0.7849325077772279
Manual LogReg Test,LogReg,0.707453170271545,0.7674208875576625,0.7159247877608133
Scikit-learn LogReg Train,LogReg,**0.8283**,**0.8255**,**0.8251**
Scikit-learn LogReg Test,LogReg,0.7427083333333333,0.8035702895236492,0.7573529040971467
