Algorithm,Dataset,precision,recall,f1-score
Manual LogReg Train,LogReg,0.7360896598716711,0.7065384514584735,0.7185832467923321
Manual LogReg Test,LogReg,0.7366099709739755,0.7012381400891113,0.7149772858821672
Scikit-learn LogReg Train,LogReg,**0.7848**,**0.7391**,**0.7570**
Scikit-learn LogReg Test,LogReg,0.7830473435312145,0.7326422205363238,0.7516788547873537
