Algorithm,Dataset,precision,recall,f1-score
Manual MLP Train,MLP,0.771280233840123,0.7048403292337561,0.7270173006032081
Manual MLP Test,MLP,0.7847470238095238,0.7077545597294359,0.7322209247226449
Scikit-learn MLP Train,MLP,**0.9662**,**0.9627**,**0.9644**
Scikit-learn MLP Test,MLP,0.7264054083937512,0.7139819035844039,0.7196558880631987
