Algorithm,Dataset,precision,recall,f1-score
Manual MLP Train,MLP,0.7818977753869198,0.7807666995722278,0.7805465679401908
Manual MLP Test,MLP,0.7324691000591814,0.7964058244020678,0.7447369520131756
Scikit-learn MLP Train,MLP,**0.9709**,**0.9709**,**0.9709**
Scikit-learn MLP Test,MLP,0.7265697786685723,0.7181592522573019,0.7221162300711714
