Algorithm,Dataset,precision,recall,f1-score
Manual LogReg Train,LogReg,0.7316452896948253,0.7045506284002913,0.7157323421572621
Manual LogReg Test,LogReg,0.7404351527364293,0.7004713428180953,0.7155536166694423
Scikit-learn LogReg Train,LogReg,**0.7848**,**0.7391**,**0.7570**
Scikit-learn LogReg Test,LogReg,0.7830473435312145,0.7326422205363238,0.7516788547873537
