Algorithm,Class,precision,recall,f1-score
Manual MLP Train,0,0.8515837104072398,0.928923988153998,0.8885741265344664
Manual MLP Test,0,0.8496692723992784,0.9339061467283543,0.8897984886649875
Manual MLP Train,1,0.6844411979547115,0.4877667881311817,0.5696048632218845
Manual MLP Test,1,0.7032640949554896,0.486652977412731,0.5752427184466019
Scikit-learn MLP Train,0,**0.9840**,**0.9717**,**0.9778**
Scikit-learn MLP Test,0,0.8570496083550914,0.8678122934567085,0.8623973727422003
Scikit-learn MLP Train,1,0.9138708062093139,0.9500260281103592,0.9315977539561
Scikit-learn MLP Test,1,0.5726495726495726,0.5503080082135524,0.5612565445026177
