Algorithm,Dataset,precision,recall,f1-score
Manual LogReg Train,LogReg,0.7329200817809727,0.7019356554964191,0.7143736879659864
Manual LogReg Test,LogReg,0.7516881669055582,0.7144793039380808,0.7290854516331728
Scikit-learn LogReg Train,LogReg,**0.7848**,**0.7391**,**0.7570**
Scikit-learn LogReg Test,LogReg,0.780464055741491,0.73337373156124,0.751454305759143
