Algorithm,Class,precision,recall,f1-score
Manual MLP Train,0,0.8442855014155863,0.9322145442579796,0.8860739698178122
Manual MLP Test,0,0.8439928272564255,0.9332452081956378,0.8863779033270559
Manual MLP Train,1,0.6801242236024845,0.4560124934929724,0.5459644749143036
Manual MLP Test,1,0.691131498470948,0.46406570841889117,0.5552825552825553
Scikit-learn MLP Train,0,**0.9840**,**0.9717**,**0.9778**
Scikit-learn MLP Test,0,0.8570496083550914,0.8678122934567085,0.8623973727422003
Scikit-learn MLP Train,1,0.9138708062093139,0.9500260281103592,0.9315977539561
Scikit-learn MLP Test,1,0.5726495726495726,0.5503080082135524,0.5612565445026177
