Algorithm,Dataset,precision,recall,f1-score
Manual MLP Train,MLP,0.7924406238616868,0.7333256443905526,0.7544380993981908
Manual MLP Test,MLP,0.7714772562901455,0.7317919577216485,0.7475480789576217
Scikit-learn MLP Train,MLP,**0.9819**,**0.9794**,**0.9806**
Scikit-learn MLP Test,MLP,0.7246650345209071,0.7381251603149162,0.7307119114549161
