Algorithm,Dataset,precision,recall,f1-score
Manual MLP Train,MLP,0.802396916283335,0.7996051332675223,0.7991415428677786
Manual MLP Test,MLP,0.7350577780036938,0.801244111607682,0.7470194088454227
Scikit-learn MLP Train,MLP,**0.9709**,**0.9700**,**0.9700**
Scikit-learn MLP Test,MLP,0.7290901369848738,0.7386802401093331,0.7335526042575105
