Algorithm,Dataset,precision,recall,f1-score
Manual LogReg Train,LogReg,0.7542060073129931,0.7361489930082573,0.744165664417272
Manual LogReg Test,LogReg,0.7427865612648221,0.7334185179505206,0.737824308390556
Scikit-learn LogReg Train,LogReg,**0.8052**,**0.7693**,**0.7842**
Scikit-learn LogReg Test,LogReg,0.776605608372188,0.7538594331671713,0.7638971949007449
