Algorithm,Dataset,precision,recall,f1-score
Manual LogReg Train,LogReg,0.7279229160935796,0.6933059108905074,0.7067013090552144
Manual LogReg Test,LogReg,0.7386789745784557,0.6998104042853789,0.7145564442561105
Scikit-learn LogReg Train,LogReg,**0.7848**,**0.7391**,**0.7570**
Scikit-learn LogReg Test,LogReg,0.7820607674448112,0.7323117512699655,0.7511479780773218
