Algorithm,Dataset,precision,recall,f1-score
Manual MLP Train,MLP,0.7703555287035915,0.7626068038970736,0.7663209442248482
Manual MLP Test,MLP,0.7741920317317391,0.7611874364677924,0.7672414182432008
Scikit-learn MLP Train,MLP,**0.9558**,**0.9551**,**0.9554**
Scikit-learn MLP Test,MLP,0.7339114603165504,0.7326035413819452,0.7332516756830323
