Algorithm,Dataset,precision,recall,f1-score
Manual LogReg Train,LogReg,0.7661432648668882,0.7192327437225491,0.7369634623076979
Manual LogReg Test,LogReg,0.7662136819595383,0.7142323002153819,0.7331039672188873
Scikit-learn LogReg Train,LogReg,**0.7858**,**0.7421**,**0.7594**
Scikit-learn LogReg Test,LogReg,0.7837260811983378,0.7360880581843054,0.7544044030201621
